INSERT INTO Customers (CustomerID, Name, DOB, Balance, LastModified)
VALUES (1, 'John Doe', TO_DATE('1985-05-15', 'YYYY-MM-DD'), 1000, SYSDATE);

INSERT INTO Customers (CustomerID, Name, DOB, Balance, LastModified)
VALUES (2, 'Jane Smith', TO_DATE('1990-07-20', 'YYYY-MM-DD'), 1500, SYSDATE);

INSERT INTO Customers (CustomerID, Name, DOB, Balance, LastModified)
VALUES (3, 'Bob Older', TO_DATE('1955-03-10', 'YYYY-MM-DD'), 50000, SYSDATE);

INSERT INTO Customers (CustomerID, Name, DOB, Balance, LastModified)
VALUES (4, 'Alice Rich', TO_DATE('1980-11-25', 'YYYY-MM-DD'), 25000, SYSDATE);

INSERT INTO Accounts (AccountID, CustomerID, AccountType, Balance, LastModified)
VALUES (1, 1, 'Savings', 1000, SYSDATE);

INSERT INTO Accounts (AccountID, CustomerID, AccountType, Balance, LastModified)
VALUES (2, 2, 'Checking', 1500, SYSDATE);

INSERT INTO Accounts (AccountID, CustomerID, AccountType, Balance, LastModified)
VALUES (3, 3, 'Savings', 50000, SYSDATE);

INSERT INTO Accounts (AccountID, CustomerID, AccountType, Balance, LastModified)
VALUES (4, 4, 'Savings', 25000, SYSDATE);

INSERT INTO Transactions (TransactionID, AccountID, TransactionDate, Amount, TransactionType)
VALUES (1, 1, SYSDATE, 200, 'Deposit');

INSERT INTO Transactions (TransactionID, AccountID, TransactionDate, Amount, TransactionType)
VALUES (2, 2, SYSDATE, 300, 'Withdrawal');

INSERT INTO Transactions (TransactionID, AccountID, TransactionDate, Amount, TransactionType)
VALUES (3, 3, SYSDATE, 5000, 'Deposit');

INSERT INTO Loans (LoanID, CustomerID, LoanAmount, InterestRate, StartDate, EndDate)
VALUES (1, 1, 5000, 5, SYSDATE, ADD_MONTHS(SYSDATE, 60));

INSERT INTO Loans (LoanID, CustomerID, LoanAmount, InterestRate, StartDate, EndDate)
VALUES (2, 2, 10000, 6, SYSDATE, ADD_MONTHS(SYSDATE, 120));

INSERT INTO Loans (LoanID, CustomerID, LoanAmount, InterestRate, StartDate, EndDate)
VALUES (3, 3, 20000, 4.5, SYSDATE, ADD_MONTHS(SYSDATE, 84));

INSERT INTO Employees (EmployeeID, Name, Position, Salary, Department, HireDate)
VALUES (1, 'Alice Johnson', 'Manager', 70000, 'HR', TO_DATE('2015-06-15', 'YYYY-MM-DD'));

INSERT INTO Employees (EmployeeID, Name, Position, Salary, Department, HireDate)
VALUES (2, 'Bob Brown', 'Developer', 60000, 'IT', TO_DATE('2017-03-20', 'YYYY-MM-DD'));

INSERT INTO Employees (EmployeeID, Name, Position, Salary, Department, HireDate)
VALUES (3, 'Charlie Davis', 'Analyst', 50000, 'Finance', TO_DATE('2019-01-10', 'YYYY-MM-DD'));

COMMIT;
